[
	{
		"1.Platform": "네이버",
		"2.Category": "science뉴스",
		"3.Title": "‘서정진 장남’ 서진석 셀트리온 의장, 英 바이오 기업 사내이사 올라",
		"4.Url": "https://news.naver.com/main/read.nhn?mode=LS2D&mid=shm&sid1=105&sid2=228&oid=020&aid=0003365383",
		"5.Date": "20210622",
		"6.Number": 1,
		"7.Content": "서정진 셀트리온그룹 명예회장의 장남인 서진석 셀트리온 이사회 의장(사진)이 영국 바이오 기업 익수다에 사내이사로 등재된 것으로 21일 알려졌다. 익수다는 셀트리온이 미래에셋그룹과 4700만 달러(약 530억 원)를 투자한 영국 바이오 기업이다.김성모 기자 mo@donga.com ▷ [코로나 고별] 1화 ‘사라진 어머니’▷ [코로나 고별] 2화 ‘멀어진 아버지’▶ 네이버에서 [동아일보] 채널 구독하기ⓒ 동아일보 & donga.com, 무단 전재 및 재배포 금지"
	},
	{
		"1.Platform": "네이버",
		"2.Category": "science뉴스",
		"3.Title": "SK바이오사이언스, 1500억 들여 mRNA 백신 시설 짓기로",
		"4.Url": "https://news.naver.com/main/read.nhn?mode=LS2D&mid=shm&sid1=105&sid2=228&oid=023&aid=0003621447",
		"5.Date": "20210622",
		"6.Number": 2,
		"7.Content": "안동 백신공장 ‘L하우스’ 증설 SK바이오사이언스가 1500억원을 투자해 mRNA(전령RNA) 백신 시설 구축에 나선다.SK바이오사이언스는 21일 “경북 안동에 있는 백신 공장 L하우스에서 경북도, 안동시와 공장 증설 및 부지 확장 투자를 위한 MOU(투자양해각서)를 체결했다”고 밝혔다.왼쪽부터 이철우 경북도지사와 안재용 SK바이오사이언스 사장, 권영세 안동시장. /SK바이오사이언스 SK바이오사이언스는 협약에 따라 2024년까지 약 1500억원을 투자해 기존 백신 시설인 L하우스의 제조 설비를 증설하고 mRNA 생산 라인 등 신규 시설을 구축하게 된다. 현재 L하우스는 세포 배양, 세균 배양, 유전자 재조합 등의 최신 백신 생산 시설을 보유하고 있다. 또 기존 L하우스 부지 인근 약 9만9130㎡(약 3만평)의 부지를 추가로 사들여 공장 규모를 약 16만1000㎡(약 5만평)로 확장한다. 경북도와 안동시는 SK바이오사이언스의 투자가 성공적으로 이뤄질 수 있도록 적극적으로 지원할 예정이다.SK바이오사이언스는 이번 공장 증설 등을 통해 글로벌 백신 생산의 허브로 자리매김하기 위한 사업 확장에 나선다는 계획이다. SK바이오사이언스는 코로나 백신을 위탁 생산하며 주목받고 있다. 현재 영국 아스트라제네카 백신을 위탁·생산하고 있으며 지난해 8월에는 미국 노바백스 백신 위탁 개발·생산 계약도 체결했다. 노바백스 백신도 식약처의 허가가 나면 곧바로 생산에 들어갈 계획이다.[유지한 기자 jhyoo@chosun.com] ▶ 조선일보가 뽑은 뉴스, 확인해보세요 ▶ 최고 기자들의 뉴스레터 받아보세요 ▶ 1등 신문 조선일보, 앱으로 편하게 보세요"
	},
	{
		"1.Platform": "네이버",
		"2.Category": "science뉴스",
		"3.Title": "모더나, 코로나 백신 생산라인 증설…내년 생산량 3배로↑",
		"4.Url": "https://news.naver.com/main/read.nhn?mode=LS2D&mid=shm&sid1=105&sid2=228&oid=001&aid=0012474794",
		"5.Date": "20210622",
		"6.Number": 3,
		"7.Content": "부스터샷과 어린이용 저용량 백신 등 추가 생산…사세도 확장미국 매사추세츠주 모더나 본사[AFP=연합뉴스 자료사진] (뉴욕=연합뉴스) 강건택 특파원 = 미국 제약사 모더나가 신종 코로나바이러스 감염증(코로나19) 백신을 더 많이 만들기 위해 미국 내 생산라인을 증설한다고 월스트리트저널(WSJ)이 21일(현지시간) 보도했다. 모더나는 보스턴 외곽 노우드에 있는 백신 공장에 2개의 생산라인을 추가하기로 했다. 1개는 올해 가을, 다른 1개는 내년 초 각각 가동을 시작한다. 이에 따라 노우드 공장의 코로나19 백신 생산능력이 50% 증가한다고 모더나는 밝혔다. 모더나는 2018년 옛 폴라로이드 공장을 개조한 이 시설에서 현재 3개 생산라인을 가동 중이다. 이 회사는 노우드 공장과 미국 내 다른 계약업체 공장에서 매달 4천만∼5천만회 투여분의 코로나19 백신을 생산하고 있다고 WSJ은 전했다. 미국뿐만 아니라 최근 삼성바이오로직스를 비롯한 해외 기업들과도 위탁생산 계약을 새로 맺는 등 생산능력 확대에 주력하고 있다. 올해 최대 10억회분의 백신을 제조할 것으로 추정되는 모더나는 이를 통해 내년에는 연간 생산량을 3배에 해당하는 30억회분으로 늘리겠다는 계획이다.모더나 노우드 공장에서 코로나19 백신 생산하는 직원들[EPA=연합뉴스] 스테판 방셀 최고경영자(CEO)는 \"미국이 충분한 분량의 백신을 확보하면 전 세계에서 가능한 한 많은 나라를 도울 수 있게 수출을 허가받는 것이 우리의 계획이자 희망\"이라고 말했다. 현재 아시아, 아프리카, 중남미 각국 정부로부터 백신을 공급해달라는 요청을 많이 받고 있다고 방셀 CEO는 전했다. 신규 생산라인에서는 부스터샷(면역 효과의 연장·강화를 위한 추가 접종) 목적의 백신과 어린이를 위한 저용량 백신도 만들 것으로 예상된다. 모더나는 지난 10일 미 식품의약국(FDA)에 자사 백신의 긴급사용 대상 연령을 12세 이상으로 확대해줄 것을 요청했다. 신생 스타트업이었던 모더나는 코로나19 백신 성공에 힘입어 사세도 확장하고 나섰다. 종전에 일부만 임차하던 노우드 외곽의 본사 건물을 통째로 사용 중이고, 스위스와 폴란드에도 사무실을 열었다. 작년 500명을 신규 채용해 전체 임직원 수를 1천300명으로 늘리는 등 인력을 계속 확충할 예정이다. 모더나의 생산라인 증설 계획은 코로나19 백신 사업의 장기화 가능성에 크게 베팅한 것이라고 WSJ은 분석했다. 그러나 월스트리트의 애널리스트들은 모더나의 백신 매출이 내년까지 강세를 보이다 이후 급감할 것으로 보고 있다. 금융정보업체 팩트셋에 따르면 모더나의 코로나19 백신 매출 전망치는 올해 171억달러, 내년 168억달러, 2023년 74억달러다. firstcircle@yna.co.kr▶네이버에서도 뉴스는 연합뉴스[구독 클릭]▶[팩트체크]'탈원전' 文정부서 원전의존도 늘었다?▶제보하기<저작권자(c) 연합뉴스(https://www.yna.co.kr/), 무단 전재-재배포 금지>"
	},
	{
		"1.Platform": "네이버",
		"2.Category": "science뉴스",
		"3.Title": "잔여백신 접종에 ‘매크로’ 돌려 예약… 정부, 단속 나선다",
		"4.Url": "https://news.naver.com/main/read.nhn?mode=LS2D&mid=shm&sid1=105&sid2=228&oid=366&aid=0000736159",
		"5.Date": "20210622",
		"6.Number": 4,
		"7.Content": "국내에서 매크로(자동 반복) 프로그램으로 신종 코로나바이러스 감염증(코로나19) 잔여백신을 예약하는 경우가 있다는 의혹이 제기돼 정부가 단속에 나설 방침이다.4일 오전 서울 종로구 광화문 인근 의료기관의 잔여 백신이 없음을 보여주는 휴대전화 화면. /연합뉴스 질병관리청은 21일 보도 참고자료를 통해 “해당 내용에 대해 네이버 측과 협의 중”이라며 “신속히 대책을 마련해 조치할 예정”이라고 밝혔다.질병청은 예약 부도 등으로 백신이 남아 폐기하는 것을 최소화하고 남는 백신을 접종할 수 있도록 지난달 27일 네이버와 카카오 당일예약 서비스를 시작했다. 이를 통해 각 의료기관은 모바일앱에 남은 백신을 등록하고 접종 희망자는 앱에서 잔여백신이 있는 의료기관을 찾아 예약할 수 있지만, 대부분 빠르게 마감돼 접종하기 어려운 상황이다.이에 최근 온라인에서는 매크로를 사용해 앱으로 예약을 마치고, 잔여백신을 접종했다는 사례가 공유됐다. 클리앙 등 일부 커뮤니티에는 ‘매크로 잠시 쓰니 바로 성공’이라는 게시글과 함께 질병청의 전자예방접종증명서 캡처 화면이 올라오기도 했다. 또한 온라인을 통해 잔여백신 예약을 위한 매크로 프로그램도 배포되는 것으로 알려졌다.한편 질병청에 따르면 지난 19일까지 당일예약을 통해 총 25만2239명이 백신을 접종했다.[김민정 기자 mjkim@chosunbiz.com] ▶네이버에서 '명품 경제뉴스' 조선비즈를 구독하세요▶40대 변호사가 경영진으로? 로펌업계 충격 빠트린 '젊은 피'▶코인베이스 창업자 \"비트코인 급락한다\" 경고한 까닭 저작권자 ⓒ 조선비즈, 무단 전재 및 재배포 금지"
	},
	{
		"1.Platform": "네이버",
		"2.Category": "science뉴스",
		"3.Title": "문승욱 장관, 삼성바이오로직스 mRNA 백신 생산시설 구축 현장방문",
		"4.Url": "https://news.naver.com/main/read.nhn?mode=LS2D&mid=shm&sid1=105&sid2=228&oid=001&aid=0012474726",
		"5.Date": "20210622",
		"6.Number": 5,
		"7.Content": "(서울=연합뉴스) 문승욱 산업통상자원부 장관이 21일 오후 인천 송도에 소재한 삼성바이오로직스 mRNA 백신 생산라인 구축 현장을 방문해 인사말 하고 있다. 2021.6.21 [산업통상자원부 제공. 재판매 및 DB 금지] photo@yna.co.kr▶네이버에서도 뉴스는 연합뉴스[구독 클릭]▶[팩트체크]'탈원전' 文정부서 원전의존도 늘었다?▶제보하기<저작권자(c) 연합뉴스(https://www.yna.co.kr/), 무단 전재-재배포 금지>"
	},
	{
		"1.Platform": "네이버",
		"2.Category": "science뉴스",
		"3.Title": "삼성바이오로직스 mRNA 백신 생산라인 구축 현황 점검",
		"4.Url": "https://news.naver.com/main/read.nhn?mode=LS2D&mid=shm&sid1=105&sid2=228&oid=001&aid=0012474725",
		"5.Date": "20210622",
		"6.Number": 6,
		"7.Content": "(서울=연합뉴스) 문승욱 산업통상자원부 장관이 21일 오후 인천 송도에 소재한 삼성바이오로직스 mRNA 백신 생산라인 구축 현장을 방문해 관계자의 설명을 듣고 있다. 2021.6.21 [산업통상자원부 제공. 재판매 및 DB 금지] photo@yna.co.kr▶네이버에서도 뉴스는 연합뉴스[구독 클릭]▶[팩트체크]'탈원전' 文정부서 원전의존도 늘었다?▶제보하기<저작권자(c) 연합뉴스(https://www.yna.co.kr/), 무단 전재-재배포 금지>"
	},
	{
		"1.Platform": "네이버",
		"2.Category": "science뉴스",
		"3.Title": "mRNA 백신 생산시설 구축 현장 방문",
		"4.Url": "https://news.naver.com/main/read.nhn?mode=LS2D&mid=shm&sid1=105&sid2=228&oid=001&aid=0012474724",
		"5.Date": "20210622",
		"6.Number": 7,
		"7.Content": "(서울=연합뉴스) 문승욱 산업통상자원부 장관이 21일 오후 인천 송도에 소재한 삼성바이오로직스 mRNA 백신 생산라인 구축 현장을 방문해 관계자의 설명을 듣고 있다. 2021.6.21 [산업통상자원부 제공. 재판매 및 DB 금지] photo@yna.co.kr▶네이버에서도 뉴스는 연합뉴스[구독 클릭]▶[팩트체크]'탈원전' 文정부서 원전의존도 늘었다?▶제보하기<저작권자(c) 연합뉴스(https://www.yna.co.kr/), 무단 전재-재배포 금지>"
	},
	{
		"1.Platform": "네이버",
		"2.Category": "science뉴스",
		"3.Title": "삼성바이오로직스 mRNA 백신 생산시설 구축 현장 방문",
		"4.Url": "https://news.naver.com/main/read.nhn?mode=LS2D&mid=shm&sid1=105&sid2=228&oid=001&aid=0012474723",
		"5.Date": "20210622",
		"6.Number": 8,
		"7.Content": "(서울=연합뉴스) 문승욱 산업통상자원부 장관이 21일 오후 인천 송도에 소재한 삼성바이오로직스 mRNA 백신 생산라인 구축 현장을 방문해 윤광훈 부사장의 설명을 듣고 있다. 2021.6.21 [산업통상자원부 제공. 재판매 및 DB 금지] photo@yna.co.kr▶네이버에서도 뉴스는 연합뉴스[구독 클릭]▶[팩트체크]'탈원전' 文정부서 원전의존도 늘었다?▶제보하기<저작권자(c) 연합뉴스(https://www.yna.co.kr/), 무단 전재-재배포 금지>"
	},
	{
		"1.Platform": "네이버",
		"2.Category": "science뉴스",
		"3.Title": "문승욱 장관, 삼성바이오로직스 mRNA 백신 생산시설 구축 현장방문",
		"4.Url": "https://news.naver.com/main/read.nhn?mode=LS2D&mid=shm&sid1=105&sid2=228&oid=001&aid=0012474721",
		"5.Date": "20210622",
		"6.Number": 9,
		"7.Content": "(서울=연합뉴스) 문승욱 산업통상자원부 장관(가운데)이 21일 오후 인천 송도에 소재한 삼성바이오로직스 mRNA 백신 생산라인 구축 현장을 방문해 존 림 대표(왼쪽 세 번째)를 비롯한 임직원과 기념 촬영을 하고 있다. 2021.6.21 [산업통상자원부 제공. 재판매 및 DB 금지] photo@yna.co.kr▶네이버에서도 뉴스는 연합뉴스[구독 클릭]▶[팩트체크]'탈원전' 文정부서 원전의존도 늘었다?▶제보하기<저작권자(c) 연합뉴스(https://www.yna.co.kr/), 무단 전재-재배포 금지>"
	},
	{
		"1.Platform": "네이버",
		"2.Category": "science뉴스",
		"3.Title": "삼성바이오로직스 mRNA 백신 생산시설 구축 현장 방문",
		"4.Url": "https://news.naver.com/main/read.nhn?mode=LS2D&mid=shm&sid1=105&sid2=228&oid=001&aid=0012474720",
		"5.Date": "20210622",
		"6.Number": 10,
		"7.Content": "(서울=연합뉴스) 문승욱 산업통상자원부 장관이 21일 오후 인천 송도에 소재한 삼성바이오로직스 mRNA 백신 생산라인 구축 현장을 방문해 윤광훈 부사장의 설명을 듣고 있다. 2021.6.21 [산업통상자원부 제공. 재판매 및 DB 금지] photo@yna.co.kr▶네이버에서도 뉴스는 연합뉴스[구독 클릭]▶[팩트체크]'탈원전' 文정부서 원전의존도 늘었다?▶제보하기<저작권자(c) 연합뉴스(https://www.yna.co.kr/), 무단 전재-재배포 금지>"
	},
	{
		"1.Platform": "네이버",
		"2.Category": "science뉴스",
		"3.Title": "[과학게시판] 청소년 과학축제 '주니어닥터' 外",
		"4.Url": "https://news.naver.com/main/read.nhn?mode=LS2D&mid=shm&sid1=105&sid2=228&oid=031&aid=0000605916",
		"5.Date": "20210622",
		"6.Number": 11,
		"7.Content": "이미혜 한국화학연구원장이 21일 차세대 소프트화학 솔루션 기반구출사업 건물 준공식에서 기념사를 하고 있다. [사진=화학연][아이뉴스24 최상국 기자]◆ 한국기초과학지원연구원(KBSI, 원장 신형식)은 '제14회 주니어닥터’를 22일부터 6주간 개최한다. 대덕연구개발특구의 대표적 청소년 과학체험 프로그램인 주니어닥터는 전국의 청소년들이 특구 내의 정부출연연, 대학, 공공기관 등 실제 연구현장에서 과학자들과 함께하는 과학축제다. ‘과학 DIY 챌린지’와 ‘랜선 과학교실’로 구성된 이번 행사는 비대면 방식으로, 전국 청소년을 대상으로 여름방학 기간동안 진행된다.◆한국화학연구원(원장 이미혜)은 21일 빅데이터와 인공지능을 활용한 화학기술 연구와 관련 전문인력 양성 등을 위해 설립한 차세대 소프트화학 솔루션 기반구축사업 건물 준공식을 가졌다. 연면적 6,109㎡, 지하 1층 지상 3층 규모로 신축된 건물에는 화학데이터기반연구센터, 화학소재솔루션센터, 화학안전연구센터, 전산운영실 등이 입주해 화학소재 빅데이터 플랫폼과 인공지능 플랫폼 구축·운영, 시뮬레이션을 통한 소재 데이터베이스 구축 및 새로운 소재 발견, 가상실험 기반의 화학안전기술 개발 등을 수행할 예정이다.◆서울대학교 공과대학 글로벌R&DB;센터(센터장 황준석)는 지속가능한 글로벌 협력 네트워크 구축을 위한 ‘국제 심포지아 GSDV(Green Smart Development & Vision)’를 22일부터 24일까지 개최한다. ‘대전환(The Great Transformation)’이라는 주제로 개최되는 이번 GSDV는 사전 영상 녹화를 통해 3일간 전 세계로 송출된다. 반기문 글로벌녹색성장기구(GGGI) 의장의 특별강연을 필두로 야닉글레마렉 녹색기후기금(GCF) 사무총장, 마가렛 킴 골드스탠다드 대표, 프랭크 리즈버만 GGGI 사무총장, 페르난도 폰스 유럽부흥개발은행(EBRD) 부총재 등이 강연자로 나선다.◆ 충청남도과학기술진흥원(원장 김광선)은 23일 오전 10시, 진흥원 회의실에서 국방국가산업단지 미래 발전방안 마련을 위한 충남 과학기술혁신포럼(씨앗포럼)을 개최한다. 이번 포럼은 예비타당성조사가 통과된 논산 국방국가산업단지의 미래 발전방안에 대해 논의하기 위해 마련된 것으로 정춘일 한국전략문제연구소 연구부소장이 ‘전력지원체계 유치 및 활성화 방안: 국방국가산업단지를 중심으로’라는 제목으로 주제 발표를 할 예정이다. 토론에는 김광선 진흥원장이 좌장으로, 김춘선 호서대학교 초빙교수(前 국토해양부 물류항만실장), 박래호 국방정보통신협회장, 양성광 혁신과 경제연구소장, 이용문 충청남도 미래성장과장, 최완중 논산시 국방산단팀장이 참여한다.◆한국재료연구원(KIMS, 원장 이정환)은 ‘소·부·장 대중화 공모전’을 개최한다. 공모전은 ‘엠블럼’ 부문과 ‘캘리그래피’ 부문, ‘사진’ 부문으로 나누어 진행하며 7월 9일까지 재료연 과학대중화 홈페이지(sangsang.kims.re.kr)’를 통해 응모작을 접수한다. 시상은 최우수상 1명(팀)에게 상장과 상금 100만원, 우수상 2명(팀)에게 상장과 상금 50만원씩, 장려상 5명(팀)에게 상장과 상금 20만원씩 수여한다.◆녹색기술센터(소장 정병기)는 21일부터 8주간 ‘자연어 기반 기후기술분류 AI 경진대회’를 인공지능 경진대회 플랫폼인 데이콘(DACON)에서 개최한다. ‘탄소중립 실현을 위한 기후기술 연구: 어떤 기술일까?’를 주제로 국가 R&D; 정보를 활용해 기후기술 분류체계에 따라 국가 R&D;의 연구분야를 분류하는 다중분류모델(Multi-class Classification) 개발이 목표다. 수상자에게는 총 500만원의 상금이 주어진다./최상국 기자(skchoi@inews24.com)▶네이버 채널에서 '아이뉴스24'를 구독해주세요.▶재밌는 아이뉴스TV 영상보기 ▶아이뉴스24 바로가기[ⓒ 아이뉴스24 무단전재 및 재배포 금지]"
	},
	{
		"1.Platform": "네이버",
		"2.Category": "science뉴스",
		"3.Title": "10년 가는 수소연료전지 핵심소재, 우리 손으로 만든다 ['경제안보' 과학기술이 지킨다]",
		"4.Url": "https://news.naver.com/main/read.nhn?mode=LS2D&mid=shm&sid1=105&sid2=228&oid=014&aid=0004660852",
		"5.Date": "20210622",
		"6.Number": 12,
		"7.Content": "<1> 수소연료전지 소재 연구단현대차 부품 99% 국산화됐지만화학반응 위한 핵심부품은 외국산소재연구단, 선박·드론·발전소 등연료전지까지 적용할 MEA 개발중동아화성 투입돼 성능평가 검증\"수요기업 요구 충족시킬 수 있어\" 수소연료전지 소재 연구단 박구곤 단장(오른쪽)이 동아화성 성락제 대표이사와 수소연료전지의 핵심부품인 막전극접합체(MEA)를 살펴보며 논의하고 있다. 에너지기술연구원 제공 2019년 7월, 일본은 우리에게 경제 전쟁을 선포하듯 소재 수출을 규제한다고 발표했다. 이에 맞서 우리정부도 '소부장(소재, 부품, 장비)'의 국산화 움직임이 활발하다. 과학기술정보통신부는 과학기술로 경제안보를 강화하기 위해 지난해부터 '소재혁신선도프로젝트' 연구개발사업을 진행하고 있다. 2020년 5월 1차로 9개 연구단을, 8월 2차로 8개 연구단을 출범해 R&D가 한창이다. 추가로 출범한 8개 연구단에는 5년간 888억원을 투입해 원천기술 확보부터 제품의 상용화까지를 목표로 하고 있다. 이를 위해 연구기관 28곳, 대학 21곳, 기업 28곳 등 총 77곳이 참여했다. 본지는 이중 대표적인 4개 연구단에서 진행하는 R&D 내용과 R&D 성공이 가져올 향후 전망에 대해 소개한다. 현재 국내 연구기관에서는 자동차용 수소연료전지의 소재·부품 연구개발(R&D)이 한창이다. 뿐만아니라 국산화한 소재·부품을 자동차업체들이 안심하고 선택할 수 있도록 인증·평가시스템까지 준비하고 있다. 수소연료전지 소재 연구단은 과학기술정보통신부가 추진하는 '소재혁신선도프로젝트' 연구개발(R&D) 사업 중 수소연료전지에 들어가는 소재와 시스템의 국산화를 책임지고 있다. 한국에너지기술연구원이 총괄연구기관으로 박구곤 연료전지연구실장이 연구단장을 맡고 있다. 연구단은 2024년까지 133억원이 투입돼 산학연 12곳이 참여해 R&D를 진행한다. 박구곤 단장은 21일 \"이번에 소재와 부품을 국산화해 자동차용 수소연료전지가 5000시간 동안 사용할 수 있도록 내구성을 높이겠다\"고 말했다. 5000시간은 약 10년간 사용하는 것을 의미하는데 현재 양산된 수소연료전지 중 아직까지는 10년을 보장하는 제품은 없다. ■수소차부터 발전소까지 사용 수소차는 수소를 태워 엔진을 구동하는 것이 아니라 수소연료전지에서 수소와 산소의 화학반응으로 만들어진 전기로 모터를 구동한다. 수소연료전지 셀 하나에는 막전극접합체(MEA)와 가스켓, 분리판, 기체확산층, 엔드판 등이 들어간다. 연료전지 셀을 400개를 직렬 연결한 스택이 수소차에 쓰인다. 일본 후지경제연구소의 보고서에 따르면 2030년 세계 수소연료전지 시장이 50조6548억원에 달할 것으로 예측했다. 현대차는 수소연료전지 부품 99%를 국산화했지만, 수소와 산소가 화학반응이 일어나 전기를 만드는 핵심부품은 아직 외국산이다. 연구단은 수소연료전지의 핵심부품인 MEA와 소재를 개발하는데 집중하고 있다. 이 소재와 부품이 개발되면 기차와 선박, 드론, 발전소 등의 연료전지까지 적용할 수 있다. 자동차용은 다른 연료전지에 비해 시동과 정지가 자주 이뤄지고 밤과 낮, 계절 등의 외부 온도변화에도 안정적이게 만들어야 한다. 동아화성 성락제 대표이사는 \"차에 들어갈 정도의 성능과 내구성이 있는 소재와 부품이라면 다른 분야의 연료전지에도 쓸 수 있다\"고 설명했다. ■R&D 결과물 성능평가까지 연구단의 연구기관들은 참여기업과 소통하면서 각각의 소재를 개발한다. 박 단장은 \"이 R&D사업이 단순히 원천기술만 개발하는게 아니라 기업들이 제품을 만들어 팔 수 있는 단계까지 가려면 실제 기업의 의견이 필요하다\"고 설명했다. 연구단에 속한 각 연구기관들이 소재와 부품을 완성하면 에너지기술연구원과 동아화성이 수소연료전지 스택을 완성해 성능을 검증한다. 소재 국산화를 완성하더라도 최종 수요기업에서 사용하지 않으면 헛수고다. 삼성전자나 SK하이닉스가 일본 수출규제 이슈 이전까지만해도 국내 중소기업이 만든 불화수소를 사용하지 않았다. 이유는 성능이 검증되지 않았기 때문이다. 박구곤 단장은 \"연구단이 개발한 기술을 이용해 공급기업이 만든 소재와 수소연료전지셀의 성능평가까지 진행해 수요기업의 요구를 충족시킬 수 있다\"고 말했다. ■수소경제시대 빨리 온다 연구단에 참여한 동아화성은 자동차와 전자제품용 가스켓을 생산하는 중견기업으로 미래 먹거리를 수소연료전지로 선택했다. 성락제 대표이사는 \"지금은 전기차가 앞서지만 수소값이 싸지면 수소차가 시장을 압도할 것\"이라고 전망했다. 지난 17일, 미국 에너지부의 수소연료전지 연구개발(R&D) 프로그램 연차 평가가 있었다. 이례적으로 제니퍼 그랜홈 장관이 직접 나와 손가락 하나를 치켜 세우며 '1'을 강조하는 오프닝 연설을 했다. 핵심은 10년 내에 1달러의 비용으로 수소 1㎏을 생산해 내겠다는 것. 우리 정부는 2040년에 수소차 620만대, 발전용 연료전지 15GW, 건물용 연료전지 2.1GW를 보급한다는 수소경제활성화 비전을 지난해 발표했다. 우리나라와 일본 등은 지금껏 2050년까지 수소 생산단가 목표를 2000~4000원으로 두고 있었다. monarch@fnnews.com 김만기 기자 ▶ 날로먹고 구워먹는 금융이슈 [파인애플]▶ 모(毛)아 모아 [모아시스]▶ 헉! 소리나는 스!토리 뉴스 [헉스] ※ 저작권자 ⓒ 파이낸셜뉴스. 무단 전재-재배포 금지"
	},
	{
		"1.Platform": "네이버",
		"2.Category": "science뉴스",
		"3.Title": "SKT가 2대 주주인 '나녹스', 디지털 엑스레이 부품 국내 생산",
		"4.Url": "https://news.naver.com/main/read.nhn?mode=LS2D&mid=shm&sid1=105&sid2=228&oid=015&aid=0004565470",
		"5.Date": "20210622",
		"6.Number": 13,
		"7.Content": "이스라엘에 본사 둔 나스닥 상장사용인 신축 공장도 9월 완공 예정나녹스 청주공장 직원이 미세전자기계시스템(MEMS) 생산부품인 웨이퍼를 투입하고 있다. 나녹스 제공SK텔레콤이 2대 주주인 나스닥시장 상장사 나녹스가 국내에서 디지털 엑스레이 장비용 반도체 생산에 들어갔다.나녹스는 운영 중인 청주공장 내부 모습을 21일 한국경제신문에 처음 공개했다. 이스라엘에 본사를 둔 이 회사는 지난해 8월 나스닥시장에 상장했다. SK텔레콤, 요즈마그룹코리아, 후지필름, 폭스콘 등의 투자를 받고 있다. 이 회사는 독점적인 디지털 엑스레이 촬영 기술을 보유 중이다.기존 엑스레이 장비는 촬영을 위해서 빛을 내는 튜브를 가열하는 절차가 필요하다. 이 때문에 튜브 과열을 막기 위한 냉각 장비가 필요하고 연속 촬영에 한계가 있다. 나녹스는 미세전자기계시스템(MEMS) 반도체를 이용해 카메라 플래시처럼 짧은 순간에 내는 빛으로도 엑스레이 촬영이 가능하도록 했다. 별도 냉각 과정이 필요 없어 장비를 들고 다닐 정도로 소형화할 수 있다.이 회사가 개발한 ‘나녹스아크’는 튜브를 고리 모양으로 나란히 배치해 컴퓨터단층촬영(CT) 영상처럼 3차원으로 된 엑스레이 사진을 찍을 수 있도록 한 장비다. 기존 CT 영상 촬영 대비 최대 10분의 1까지 비용을 낮출 수 있다는 게 회사 측 설명이다.나녹스는 한국을 엑스레이 장비의 핵심 부품인 MEMS 반도체 칩과 튜브 생산기지로 낙점했다. 올초 경기 용인 반도체 클러스터(집적단지)에 매입한 1만2000㎡ 규모 부지에 짓고 있는 부품공장은 올 9월 완공이 목표다. 청주에 있는 임시 MEMS 생산시설은 이 공장이 완공되면 모두 이전할 예정이다. 청주공장은 월 1000여 개의 MEMS 칩 생산능력을 갖추고 있다. 이달 초 해당 칩의 웨이퍼에 미세회로를 새겨넣는 선공정 작업에 들어갔다.용인공장에선 이 반도체 칩 생산능력을 연 22만 개 수준까지 끌어올릴 계획이다. 나녹스아크를 5만 개가량 생산할 수 있는 물량이다. 반도체 생산을 위한 클린룸 규모도 청주공장 대비 3배 이상으로 확충한다. 나녹스는 지난 4월 골절 촬영 등에 이용되는 싱글소스 디지털 엑스레이 기술에 대해 미국 식품의약국(FDA)의 허가를 받았다. CT 형태로 사용 가능한 멀티소스 기술도 이달 17일 FDA 허가를 신청했다.회사 관계자는 “내년 초도 물량으로 디지털 엑스레이 장비 1000대를 생산하는 게 목표”라며 “의료용뿐만 아니라 출입국 검역, 품질 검사 등에 사용할 수 있는 장비에도 디지털 엑스레이 기술을 적용하겠다”고 말했다.청주=이주현 기자 deep@hankyung.com▶ 경제지 네이버 구독 첫 400만, 한국경제 받아보세요▶ 한경 고품격 뉴스레터, 원클릭으로 구독하세요▶ 한국경제신문과 WSJ, 모바일한경으로 보세요 ⓒ 한국경제 & hankyung.com, 무단전재 및 재배포 금지"
	},
	{
		"1.Platform": "네이버",
		"2.Category": "science뉴스",
		"3.Title": "백신 주문 쇄도…SK바이오사이언스, 공장 증설",
		"4.Url": "https://news.naver.com/main/read.nhn?mode=LS2D&mid=shm&sid1=105&sid2=228&oid=015&aid=0004565467",
		"5.Date": "20210622",
		"6.Number": 14,
		"7.Content": "안동에 '창사 최대' 1500억 투자 mRNA백신 생산설비도 투입SK바이오사이언스가 세계에서 쏟아지는 코로나19 백신 위탁계약(CMO) 주문을 맞추기 위해 경북 안동에 제2 백신 공장을 짓기로 했다.SK바이오사이언스는 21일 경상북도, 안동시 등과 공장 부지 매입 및 설비 증설 내용을 담은 투자 양해각서를 체결했다. 총 투자 금액은 약 1500억원이다.이 회사는 우선 노바백스와 아스트라제네카의 코로나19 백신을 생산하고 있는 L하우스 백신센터에 백신 제조 설비를 추가로 들여오기로 했다. 메신저 리보핵산(mRNA) 백신 생산시설과 세포 배양 등의 최신 제조 설비를 투입한다. SK바이오사이언스는 이미 유럽 업체에 배양기(리액터) 등을 주문한 것으로 알려졌다.SK바이오사이언스는 또 안동 매곡리의 경북 바이오 2차 산업단지 부지 9만9130㎡를 추가 매입했다. L하우스 백신센터 부지보다 50% 정도 큰 규모다. 경북 바이오산업단지에는 SK플라즈마 혈액제제 공장, 경북바이오산업연구원, 동물세포 실증지원센터, 국제백신연구소 안동분원 등이 들어서 있다.SK바이오사이언스가 창사 후 최대 규모 증설에 나선 이유는 밀려드는 백신 CMO 수요 때문이다. 전문가들은 코로나19가 팬데믹(전염병 대유행)을 넘어 ‘엔데믹’(종식 없는 토착 전염병)이 될 것으로 보고 있다. SK바이오사이언스는 이런 전망을 근거로 지난해 13억달러(약 1조4706억원) 수준이던 코로나19 백신 세계 시장 규모가 2025년 161억달러(약 18조2139억원)에 달할 것으로 내다보고 있다. 백신 CMO 수요가 갈수록 늘어날 것이란 얘기다.SK바이오사이언스는 전체 생산 가능 시설의 3분의 2 이상을 코로나19 백신 생산에 배당한 상태다. 이 회사의 백신 생산능력은 연 2만3924L다. 더 이상 생산할 수 있는 여력이 없는데도 생산 문의가 끊이지 않자 증설 결정을 내렸다는 설명이다. 회사 관계자는 “백신 수요에 대응하기 위해 세포배양 독감 백신 ‘스카이셀플루’ 생산을 전면 중단했지만 여전히 공급이 수요를 따라가지 못하고 있다”며 “백신 CMO업계에서 주도권을 잡기 위해 증설을 결정했다”고 말했다.김우섭 기자 duter@hankyung.com▶ 경제지 네이버 구독 첫 400만, 한국경제 받아보세요▶ 한경 고품격 뉴스레터, 원클릭으로 구독하세요▶ 한국경제신문과 WSJ, 모바일한경으로 보세요 ⓒ 한국경제 & hankyung.com, 무단전재 및 재배포 금지"
	},
	{
		"1.Platform": "네이버",
		"2.Category": "science뉴스",
		"3.Title": "한국유나이티드제약 항암제 멕시코에 5400만 달러 수출",
		"4.Url": "https://news.naver.com/main/read.nhn?mode=LS2D&mid=shm&sid1=105&sid2=228&oid=015&aid=0004565466",
		"5.Date": "20210622",
		"6.Number": 15,
		"7.Content": "한국유나이티드제약은 멕시코 정부가 지정한 의약품 조달 기업인 메디멕스와 5400만달러(약 600억원) 규모의 항암제 공급 계약을 맺었다고 21일 밝혔다(사진). 이들 의약품은 멕시코 보건복지청 사회보장청 등 7개 국영 의료기관에 공급된다. 계약 규모는 2024년까지 4년간 5400만달러로, 지난해 한국 기업이 멕시코에 수출한 전체 의약품 규모와 비슷하다. 한국유나이티드제약은 멕시코 수출을 계기로 중남미 시장 공략을 강화하기로 했다.김예나 기자 yena@hankyung.com▶ 경제지 네이버 구독 첫 400만, 한국경제 받아보세요▶ 한경 고품격 뉴스레터, 원클릭으로 구독하세요▶ 한국경제신문과 WSJ, 모바일한경으로 보세요 ⓒ 한국경제 & hankyung.com, 무단전재 및 재배포 금지"
	},
	{
		"1.Platform": "네이버",
		"2.Category": "science뉴스",
		"3.Title": "대웅제약, 먹는 단백질 의약품 개발",
		"4.Url": "https://news.naver.com/main/read.nhn?mode=LS2D&mid=shm&sid1=105&sid2=228&oid=015&aid=0004565463",
		"5.Date": "20210622",
		"6.Number": 16,
		"7.Content": "대웅제약은 디앤디파마텍과 먹는 펩타이드·단백질 의약품을 공동 개발한다고 21일 밝혔다.신약 후보물질에 대해 디앤디파마텍이 제형을 만들면 대웅제약이 고형화와 생산을 맡는 식으로 분담하기로 했다. 해외 임상과 상업화 작업도 지역을 나눠 맡는다. 디앤디파마텍은 미국과 유럽, 대웅제약은 그 외 지역을 책임진다. 연구개발비 등 비용은 물론 상업화 및 기술수출에 따른 각종 수익도 양사가 절반씩 나누기로 했다.펩타이드·단백질 의약품은 생체 기능을 촉진하는 효과가 크지만 위장에서 쉽게 분해되는 탓에 먹는 약으로 만들기 어려웠다. 디앤디파마텍은 펩타이드·단백질 성분을 먹는 약으로 변환하는 플랫폼 기술을 보유하고 있다. 대웅제약은 이 기술을 활용해 펩타이드·단백질 성분을 기반으로 한 혁신 의약품을 개발할 계획이다.오상헌 기자 ohyeah@hankyung.com▶ 경제지 네이버 구독 첫 400만, 한국경제 받아보세요▶ 한경 고품격 뉴스레터, 원클릭으로 구독하세요▶ 한국경제신문과 WSJ, 모바일한경으로 보세요 ⓒ 한국경제 & hankyung.com, 무단전재 및 재배포 금지"
	},
	{
		"1.Platform": "네이버",
		"2.Category": "science뉴스",
		"3.Title": "서른살 된 장영실賞…장수기업 보증수표",
		"4.Url": "https://news.naver.com/main/read.nhn?mode=LS2D&mid=shm&sid1=105&sid2=228&oid=009&aid=0004812375",
		"5.Date": "20210622",
		"6.Number": 17,
		"7.Content": "수상 기업 생존력 타기업의 2배10곳중 6곳 20년이상 기업유지◆ 장영실상 30주년 ① ◆한국 중소기업들 평균 업력은 11.2년이다. 총 140만개에 달하는 한국 중소기업 중 기업활동을 20년 이상 이어나가는 곳은 10.2%에 불과하다. 중소기업 10곳 중 7곳은 기업활동을 10년 이상 이어나가지 못하고 있다. 하지만 다른 중소기업들보다 두 배 넘는 시간 동안 기업활동을 유지하고 있는 기업은 'IR52장영실상 수상'이라는 공통분모가 있었다. 21일 한국산업기술진흥협회(KOITA)에 따르면 IR52장영실상을 받은 중소기업의 평균 업력은 22.4년으로 전체 중소기업과 비교했을 때 2배 이상 '장수'하고 있다. 또한 IR52장영실상을 받은 기업 10곳 중 6곳(61.6%)은 20년 이상 기업활동을 이어가고 있으며, 10곳 중 2곳(19.2%)은 30년이 넘었다. 이는 전체 중소기업 중 1.8%만 30년 이상 유지되고 있는 것과 비교해볼 때 독보적인 결과다.IR52장영실상은 1991년 제정돼 올해 30주년을 맞이했다. 우리나라 기업이 자체 개발한 신기술을 발굴하고, 기술 개발에 앞장선 연구원들의 사기를 북돋아 주자는 목적으로 탄생했다. 과학기술정보통신부가 주최하고 KOITA와 매일경제신문이 주관한다. 이날 서울 퇴계로 매일경제 12층에서는 올해 1~17주 차 IR52장영실상을 수상한 기업과 기술혁신상을 수상한 2개 기업 등 총 17개 기업에 대한 시상식이 열렸다. 이날 행사에 참석한 구자균 KOITA 회장은 수상자들에게 \"부단한 기술 혁신으로 세계 최고 수준의 기술과 상품을 개발하는 여러분이 대한민국의 미래를 짊어진 주역\"이라고 언급했다. [이새봄 기자 / 이종화 기자 / 한재범 기자]장영실상 탄 中企 \"R&D;가 경쟁력\"…대기업 평균보다 비중 높았다직원 100명중 14명 R&D; 인력…한국 제조혁신 이끌어내장영실상 중기 R&D;투자 4.37%대기업 평균 3.94%보다 높아기술강국 든든한 초석으로변화 빠른 4차 산업혁명 시대'연구가 경쟁력' 인식 키우고실무자 북돋워주는 풍토 앞장 \"기업에 연구개발(R&D;)이 없다면 팔릴 수 있는 상품을 만들어낼 수가 없다. 특히 한국 제품들은 가격 차별성이 아닌 기술적 차별성이 있어야만 생존이 가능하다.\"(윤석진 KIST 원장)'IR52장영실상 수상 기업=장수 기업'이라는 공식이 성립될 수 있는 저변에는 기술을 중시하는 기업의 철학이 담겨 있다. 2019년 기준 IR52장영실상 수상 기업의 평균 매출액 대비 R&D; 비중은 5.48%에 달한다. 같은 기간 국내 기업들의 R&D; 비중(3.51%)을 크게 뛰어넘는 수치다. 중소기업만 놓고 봤을 때는 이 격차가 더 많이 벌어진다. IR52 장영실상을 수상한 중소기업은 전체 매출의 4.37%를 R&D;에 투자했다. 전체 중소기업들이 평균 2.67%를 연구비에 쓰는 것과 대비된다.특히 기업의 R&D; 투자는 한국 산업 기술 발전에 즉각적인 영향을 미치기 때문에 의미가 있다. 한국의 R&D; 문제를 꼬집는 '코리아 R&D; 패러독스'는 한국이 세계적 수준의 R&D; 투자비용을 쏟아붓고 있지만 기술혁신·생산성 증가와 같은 질적인 성과가 나타나지 않는 현상을 일컫는다. 윤석진 한국과학기술연구원(KIST) 원장은 \"학교나 학회,연구소에서의 연구는 학술에 무게가 있는 대신 상품화돼 나오는 것에 대한 연구는 없다\"며 \"반면 기업의 R&D;는 기술 성숙도가 매우 높다\"고 설명했다.실제 증시에 상장된 제조기업들의 총 매출액에서 IR52장영실상 수상 기업들이 차지하는 비율은 2019년 기준 54.1%에 달한다. IR52장영실상이 처음 제정된 1991년 전체 제조기업 매출에서 수상 기업 매출이 차지한 비율은 27.11%였다. IR52장영실상을 수상한 기술 기반 기업들이 30년간 대한민국 제조업의 생산과 생산성 증가에 한몫했다는 의미다.중소기업은 대기업 대비 R&D; 투자 여력이 없다고 생각하는 경우가 많지만, 오히려 그렇기 때문에 중소기업의 R&D; 투자는 기업의 경쟁력 확보에 있어 확실한 발판이 된다. 실제 IR52장영실상 수상 중소기업의 R&D; 투자 비중(4.37%)은 국내 대기업의 평균 R&D; 투자 비중(3.94%)을 훌쩍 넘어선다. 의사결정 단계가 대기업에 비해 단순한 중소기업의 경우 R&D; 조직이 탄탄하면 시장 상황에 즉각적으로 대응해 신기술·신제품 개발에 앞장설 수 있다. 최희윤 전 과학기술정보연구원장은 \"물론 기본적으로 R&D; 예산과 인력이 많은 대기업에 비해 중소기업이 투자 여력이 적은 것은 사실\"이라면서도 \"하지만 시장이 빠르게 변화하는 4차 산업혁명 시대에는 대기업 같은 빅피시(Big fish)보다는 중소기업 같이 몸이 가벼운 패스트피시(fast fish)의 역할이 더 커진다\"고 밝혔다.R&D; 투자는 사람에 대한 투자이기도 하다. IR52장영실상 수상 중소기업들의 종업원 대비 연구원 비율을 살펴보면 2019년 기준 13.8%다. 100명 중 14명이 신제품 개발을 위해 발로 뛰고 있다. 우리나라 대기업 평균 연구원 비율(11.6%)보다도 오히려 높다. 우리나라 전체 중소기업들의 연구원 비율은 9.4%다. '기술 강국'으로 불리는 다른 선진국들의 현황과 비교해도 크게 앞서는 수치다. 한국산업기술진흥협회의 분석에 따르면 프랑스의 경우 기업들의 평균 연구원 비율은 1.25%다. 독일은 0.87%, 일본은 1.02%, 영국은 0.70% 수준이다.2020년 말 기준 우리나라 기업에서 근무하는 연구원은 총 40만명, 연구소는 4만개다. 1990년(3만8737명)과 비교했을 때 10배 이상 늘었다. 한국 전체 연구 인력(54만명) 중 75%가 기업에서 일한다. 특히 IR52장영실상은 30년간 이러한 기업 내 문화를 만들어 나가는 데 많은 영향을 미쳤다. 기업의 대표나 책임자에게 수상을 하는 게 아닌, 실제 기술과 제품을 만들어낸 개발자에게 상을 수여하는 시상 방식 때문이다. IR52장영실상 30주년 성과 분석 보고서를 작성한 신준식 성균관대 교수는 \"IR52장영실상은 수상을 위해 노력하는 과정에서 연구자들의 기술 역량을 향상시키고, 수상을 통해서는 연구자들에게 자신감을 부여하고 역량 향상을 가속화한다\"며 \"이러한 선순환 구조로 수상 제품 개발에 참여한 연구개발자들의 지속적인 역량 향상에 기여했다\"고 밝혔다. [이새봄 기자 / 이종화 기자]▶ '경제 1위' 매일경제, 앱으로 편하게 보세요▶ 매일경제 지식레터 '매콤달콤' 받아보세요▶ 매경이 알려주는 '취업비법' 한달간 무료[ⓒ 매일경제 & mk.co.kr, 무단전재 및 재배포 금지]"
	},
	{
		"1.Platform": "네이버",
		"2.Category": "science뉴스",
		"3.Title": "장영실상 탄 中企 \"경쟁력은 R&D;\"…대기업 평균보다 비중 높았다",
		"4.Url": "https://news.naver.com/main/read.nhn?mode=LS2D&mid=shm&sid1=105&sid2=228&oid=009&aid=0004812368",
		"5.Date": "20210622",
		"6.Number": 18,
		"7.Content": "직원 100명중 14명 R&D; 인력…한국 제조혁신 이끌어내장영실상 중기 R&D;투자 4.37%대기업 평균 3.94%보다 높아기술강국 든든한 초석으로변화 빠른 4차 산업혁명 시대'연구가 경쟁력' 인식 키우고실무자 북돋워주는 풍토 앞장◆ 장영실상 30주년 ① ◆ \"기업에 연구개발(R&D;)이 없다면 팔릴 수 있는 상품을 만들어낼 수가 없다. 특히 한국 제품들은 가격 차별성이 아닌 기술적 차별성이 있어야만 생존이 가능하다.\"(윤석진 KIST 원장)'IR52장영실상 수상 기업=장수 기업'이라는 공식이 성립될 수 있는 저변에는 기술을 중시하는 기업의 철학이 담겨 있다. 2019년 기준 IR52장영실상 수상 기업의 평균 매출액 대비 R&D; 비중은 5.48%에 달한다. 같은 기간 국내 기업들의 R&D; 비중(3.51%)을 크게 뛰어넘는 수치다. 중소기업만 놓고 봤을 때는 이 격차가 더 많이 벌어진다. IR52 장영실상을 수상한 중소기업은 전체 매출의 4.37%를 R&D;에 투자했다. 전체 중소기업들이 평균 2.67%를 연구비에 쓰는 것과 대비된다.특히 기업의 R&D; 투자는 한국 산업 기술 발전에 즉각적인 영향을 미치기 때문에 의미가 있다. 한국의 R&D; 문제를 꼬집는 '코리아 R&D; 패러독스'는 한국이 세계적 수준의 R&D; 투자비용을 쏟아붓고 있지만 기술혁신·생산성 증가와 같은 질적인 성과가 나타나지 않는 현상을 일컫는다. 윤석진 한국과학기술연구원(KIST) 원장은 \"학교나 학회,연구소에서의 연구는 학술에 무게가 있는 대신 상품화돼 나오는 것에 대한 연구는 없다\"며 \"반면 기업의 R&D;는 기술 성숙도가 매우 높다\"고 설명했다.실제 증시에 상장된 제조기업들의 총 매출액에서 IR52장영실상 수상 기업들이 차지하는 비율은 2019년 기준 54.1%에 달한다. IR52장영실상이 처음 제정된 1991년 전체 제조기업 매출에서 수상 기업 매출이 차지한 비율은 27.11%였다. IR52장영실상을 수상한 기술 기반 기업들이 30년간 대한민국 제조업의 생산과 생산성 증가에 한몫했다는 의미다.중소기업은 대기업 대비 R&D; 투자 여력이 없다고 생각하는 경우가 많지만, 오히려 그렇기 때문에 중소기업의 R&D; 투자는 기업의 경쟁력 확보에 있어 확실한 발판이 된다. 실제 IR52장영실상 수상 중소기업의 R&D; 투자 비중(4.37%)은 국내 대기업의 평균 R&D; 투자 비중(3.94%)을 훌쩍 넘어선다. 의사결정 단계가 대기업에 비해 단순한 중소기업의 경우 R&D; 조직이 탄탄하면 시장 상황에 즉각적으로 대응해 신기술·신제품 개발에 앞장설 수 있다. 최희윤 전 과학기술정보연구원장은 \"물론 기본적으로 R&D; 예산과 인력이 많은 대기업에 비해 중소기업이 투자 여력이 적은 것은 사실\"이라면서도 \"하지만 시장이 빠르게 변화하는 4차 산업혁명 시대에는 대기업 같은 빅피시(Big fish)보다는 중소기업 같이 몸이 가벼운 패스트피시(fast fish)의 역할이 더 커진다\"고 밝혔다.R&D; 투자는 사람에 대한 투자이기도 하다. IR52장영실상 수상 중소기업들의 종업원 대비 연구원 비율을 살펴보면 2019년 기준 13.8%다. 100명 중 14명이 신제품 개발을 위해 발로 뛰고 있다. 우리나라 대기업 평균 연구원 비율(11.6%)보다도 오히려 높다. 우리나라 전체 중소기업들의 연구원 비율은 9.4%다. '기술 강국'으로 불리는 다른 선진국들의 현황과 비교해도 크게 앞서는 수치다. 한국산업기술진흥협회의 분석에 따르면 프랑스의 경우 기업들의 평균 연구원 비율은 1.25%다. 독일은 0.87%, 일본은 1.02%, 영국은 0.70% 수준이다.2020년 말 기준 우리나라 기업에서 근무하는 연구원은 총 40만명, 연구소는 4만개다. 1990년(3만8737명)과 비교했을 때 10배 이상 늘었다. 한국 전체 연구 인력(54만명) 중 75%가 기업에서 일한다. 특히 IR52장영실상은 30년간 이러한 기업 내 문화를 만들어 나가는 데 많은 영향을 미쳤다. 기업의 대표나 책임자에게 수상을 하는 게 아닌, 실제 기술과 제품을 만들어낸 개발자에게 상을 수여하는 시상 방식 때문이다. IR52장영실상 30주년 성과 분석 보고서를 작성한 신준식 성균관대 교수는 \"IR52장영실상은 수상을 위해 노력하는 과정에서 연구자들의 기술 역량을 향상시키고, 수상을 통해서는 연구자들에게 자신감을 부여하고 역량 향상을 가속화한다\"며 \"이러한 선순환 구조로 수상 제품 개발에 참여한 연구개발자들의 지속적인 역량 향상에 기여했다\"고 밝혔다. [이새봄 기자 / 이종화 기자]▶ '경제 1위' 매일경제, 앱으로 편하게 보세요▶ 매일경제 지식레터 '매콤달콤' 받아보세요▶ 매경이 알려주는 '취업비법' 한달간 무료[ⓒ 매일경제 & mk.co.kr, 무단전재 및 재배포 금지]"
	}
]